{"cameraMode":{"drawMode":0,"name":"Shaded","section":"Shading Mode"},"sceneLighting":false,"audioPlay":false,"sceneViewState":{"showFog":true,"showMaterialUpdate":true,"showSkybox":true,"showFlares":true,"showImageEffects":true,"showParticleSystems":true},"in2DMode":false,"pivot":{"x":1.8748197555541993,"y":-2.1925888061523439,"z":0.4569435119628906},"rotation":{"x":-0.16895505785942079,"y":-0.4028598666191101,"z":0.07593756914138794,"w":-0.8963211178779602},"size":23.334524154663087,"orthographic":false}